First Name, Last Name, Email
John,Doe,john_doe@gmail.com
Michael,Cane,michael_cane@gmail.com
Bryan,Smith,bryan_smith@gmail.com
Susan,Doyle,susan_doyle@gmail.com
Ruth,Anderson,ruth_anderson@gmail.com
Katie,Jackson,katie_jackson@gmail.com
Nikita,Zhuk,nikita_zhuk@gmail.com
Sam,Gross,sam_gross@gmail.com
David,Cole,david_cole@gmail.com